exhibit_html/00_coffin_questioner_gaelic.html,exhibit_html/00_coffin_responder_gaelic.html
exhibit_html/01_ballachulish_questioner_gaelic.html,exhibit_html/01_ballachulish_responder_gaelic.html
exhibit_html/02_mazer_questioner_gaelic.html,exhibit_html/02_mazer_responder_gaelic.html
exhibit_html/03_jacobites_questioner_gaelic.html,exhibit_html/03_jacobites_responder_gaelic.html
exhibit_html/04_bible_questioner_gaelic.html,exhibit_html/04_bible_responder_gaelic.html
exhibit_html/05_galloway_questioner_gaelic.html,exhibit_html/05_galloway_responder_gaelic.html
exhibit_html/06_chess_questioner_gaelic.html,exhibit_html/06_chess_responder_gaelic.html
exhibit_html/07_monymusk_questioner_gaelic.html,exhibit_html/07_monymusk_responder_gaelic.html
exhibit_html/08_queenmary_questioner_gaelic.html,exhibit_html/08_queenmary_responder_gaelic.html
exhibit_html/09_robroy_questioner_gaelic.html,exhibit_html/09_robroy_responder_gaelic.html
exhibit_html/11_maiden_questioner_gaelic.html,exhibit_html/11_maiden_responder_gaelic.html
exhibit_html/12_towieball_questioner_gaelic.html,exhibit_html/12_towieball_responder_gaelic.html
exhibit_html/13_collar_questioner_gaelic.html,exhibit_html/13_collar_responder_gaelic.html
